,Rank,Cafe,Menu,ReadMore,Price,Address
0,1,Old Oak Tap,BLT,https://www.chicagomag.com/Chicago-Magazine/November-2012/Best-Sandwiches-in-Chicago-Old-Oak-Tap-BLT/,$10,"2109 W. Chicago Ave.,"
1,2,Au Cheval,Fried Bologna,https://www.chicagomag.com/Chicago-Magazine/November-2012/Best-Sandwiches-in-Chicago-Au-Cheval-Fried-Bologna/,$9,"800 W. Randolph St.,"
2,3,Xoco,Woodland Mushroom,https://www.chicagomag.com/Chicago-Magazine/November-2012/Best-Sandwiches-in-Chicago-Xoco-Woodland-Mushroom/,$9.50,"445 N. Clark St.,"
3,4,Al’s Deli,Roast Beef,https://www.chicagomag.com/Chicago-Magazine/November-2012/Best-Sandwiches-in-Chicago-Als-Deli-Roast-Beef/,$9.40,"914 Noyes St., Evanston,"
4,5,Publican Quality Meats,PB&L,https://www.chicagomag.com/Chicago-Magazine/November-2012/Best-Sandwiches-in-Chicago-Publican-Quality-Meats-PB-L/,$10,"825 W. Fulton Mkt.,"
5,6,Hendrickx Belgian Bread Crafter,Belgian Chicken Curry Salad,https://www.chicagomag.com/Chicago-Magazine/November-2012/Best-Sandwiches-in-Chicago-Hendrickx-Belgian-Bread-Crafter-Belgian-Chicken-Curry-Salad/,$7.25,100 E. Walton
6,7,Acadia,Lobster Roll,https://www.chicagomag.com/Chicago-Magazine/November-2012/Best-Sandwiches-in-Chicago-Acadia-Lobster-Roll/,$16,"1639 S. Wabash Ave.,"
7,8,Birchwood Kitchen,Smoked Salmon Salad,https://www.chicagomag.com/Chicago-Magazine/November-2012/Best-Sandwiches-in-Chicago-Birchwood-Kitchen-Smoked-Salmon-Salad/,$10,"2211 W. North Ave.,"
8,9,Cemitas Puebla,Atomica Cemitas,https://www.chicagomag.com/Chicago-Magazine/November-2012/Best-Sandwiches-in-Chicago-Cemitas-Puebla-Atomica-Cemitas/,$9,"3619 W. North Ave.,"
9,10,Nana,Grilled Laughing Bird Shrimp and Fried Po’ Boy,https://www.chicagomag.com/Chicago-Magazine/November-2012/Best-Sandwiches-in-Chicago-Nana-Grilled-Laughing-Bird-Shrimp-and-Fried-Oyster-Po-Boy/,$17,"3267 S. Halsted St.,"
10,11,Lula Cafe,Ham and Raclette Panino,https://www.chicagomag.com/Chicago-Magazine/November-2012/Best-Sandwiches-in-Chicago-Lula-Cafe-Ham-and-Raclette-Panino/,$11,"2537 N. Kedzie Blvd.,"
11,12,Ricobene’s,Breaded Steak,https://www.chicagomag.com/Chicago-Magazine/November-2012/Best-Sandwiches-in-Chicago-Ricobenes-Breaded-Steak/,$5.49,Multiple
12,13,Frog n Snail,The Hawkeye,https://www.chicagomag.com/Chicago-Magazine/November-2012/Best-Sandwiches-in-Chicago-Frog-n-Snail-The-Hawkeye/,$14,"3124 N. Broadway,"
13,14,Crosby’s Kitchen,Chicken Dip,https://www.chicagomag.com/Chicago-Magazine/November-2012/Best-Sandwiches-in-Chicago-Crosbys-Kitchen-Chicken-Dip/,$10,"3455 N. Southport Ave.,"
14,15,Longman & Eagle,Wild Boar Sloppy Joe,https://www.chicagomag.com/Chicago-Magazine/November-2012/Best-Sandwiches-in-Chicago-Longman-and-Eagle-Wild-Boar-Sloppy-Joe/,$13,"2657 N. Kedzie Ave.,"
15,16,Bari,Meatball Sub,https://www.chicagomag.com/Chicago-Magazine/November-2012/Best-Sandwiches-in-Chicago-Bari-Meatball-Sub/,$4.50,"1120 W. Grand Ave.,"
16,17,Manny’s,Corned Beef,https://www.chicagomag.com/Chicago-Magazine/November-2012/Best-Sandwiches-in-Chicago-Mannys-Corned-Beef/,$11.95,"1141 S. Jefferson St.,"
17,18,Eggy’s,Turkey Club,https://www.chicagomag.com/Chicago-Magazine/November-2012/Best-Sandwiches-in-Chicago-Eggys-Turkey-Club/,$11.50,"333 E. Benton Pl.,"
18,19,Old Jerusalem,Falafel,https://www.chicagomag.com/Chicago-Magazine/November-2012/Best-Sandwiches-in-Chicago-Old-Jerusalem-Falafel/,$6.25,"1411 N. Wells St.,"
19,20,Mindy’s HotChocolate,Crab Cake,https://www.chicagomag.com/Chicago-Magazine/November-2012/Best-Sandwiches-in-Chicago-Mindys-HotChocolate-Crab-Cake/,$15,"1747 N. Damen Ave.,"
20,21,Olga’s Delicatessen,Chicken Schnitzel,https://www.chicagomag.com/Chicago-Magazine/November-2012/Best-Sandwiches-in-Chicago-Olgas-Delicatessen-Chicken-Schnitzel/,$5,3209 W. Irving Park
21,22,Dawali Mediterranean Kitchen,Shawarma,https://www.chicagomag.com/Chicago-Magazine/November-2012/Best-Sandwiches-in-Chicago-Dawali-Mediterranean-Kitchen-Shawarma/,$6,Multiple
22,23,Big Jones,Toasted Pimiento Cheese,https://www.chicagomag.com/Chicago-Magazine/November-2012/Best-Sandwiches-in-Chicago-Big-Jones-Toasted-Pimiento-Cheese/,$8,"5347 N. Clark St.,"
23,24,La Pane,Vegetarian Panino,https://www.chicagomag.com/Chicago-Magazine/November-2012/Best-Sandwiches-in-Chicago-La-Pane-Vegetarian-Panino/,$5.99,"2954 W. Irving Park Rd.,"
24,25,Pastoral,Cali Chèvre,https://www.chicagomag.com/Chicago-Magazine/November-2012/Best-Sandwiches-in-Chicago-Pastoral-Cali-Chevre/,$7.52,Multiple
25,26,Max’s Deli,Pastrami,https://www.chicagomag.com/Chicago-Magazine/November-2012/Best-Sandwiches-in-Chicago-Maxs-Deli-Pastrami/,$11.95,"191 Skokie Valley Rd., Highland Park,"
26,27,Lucky’s Sandwich Co.,The Fredo,https://www.chicagomag.com/Chicago-Magazine/November-2012/Best-Sandwiches-in-Chicago-Luckys-Sandwich-Co-The-Fredo/,$7.50,Multiple
27,28,City Provisions,Smoked Ham,https://www.chicagomag.com/Chicago-Magazine/November-2012/Best-Sandwiches-in-Chicago-City-Provisions-Smoked-Ham/,$12.95,"1818 W. Wilson Ave.,"
28,29,Papa’s Cache Sabroso,Jibarito,https://www.chicagomag.com/Chicago-Magazine/November-2012/Best-Sandwiches-in-Chicago-Papas-Cache-Sabroso-Jibarito/,$7,"2517 W. Division St.,"
29,30,Bavette’s Bar & Boeuf,Shaved Prime Rib,https://www.chicagomag.com/Chicago-Magazine/November-2012/Best-Sandwiches-in-Chicago-Bavettes-Bar-and-Boeuf-Shaved-Prime-Rib/,$21,218 W. Kinzie
30,31,Hannah’s Bretzel,Serrano Ham and Manchego Cheese,https://www.chicagomag.com/Chicago-Magazine/November-2012/Best-Sandwiches-in-Chicago-Hannahs-Bretzel-Serrano-Ham-and-Manchego-Cheese/,$9.79,Multiple
31,32,La Fournette,Tuna Salad,https://www.chicagomag.com/Chicago-Magazine/November-2012/Best-Sandwiches-in-Chicago-La-Fournette-Tuna-Salad/,$9.75,"1547 N. Wells St.,"
32,33,Paramount Room,Paramount Reuben,https://www.chicagomag.com/Chicago-Magazine/November-2012/Best-Sandwiches-in-Chicago-Paramount-Room-Paramount-Reuben/,$13,"415 N. Milwaukee Ave.,"
33,34,Melt Sandwich Shoppe,The Istanbul,https://www.chicagomag.com/Chicago-Magazine/November-2012/Best-Sandwiches-in-Chicago-Melt-Sandwich-Shoppe-The-Istanbul/,$7.95,"1840 N. Damen Ave.,"
34,35,Floriole Cafe & Bakery,B.A.D.,https://www.chicagomag.com/Chicago-Magazine/November-2012/Best-Sandwiches-in-Chicago-Floriole-Cafe-and-Bakery-BAD/,$9,"1220 W. Webster Ave.,"
35,36,First Slice Pie Café,Duck Confit and Mozzarella,https://www.chicagomag.com/Chicago-Magazine/November-2012/Best-Sandwiches-in-Chicago-First-Slice-Pie-Cafe-Duck-Confit-and-Mozzarella/,$9,"5357 N. Ashland Ave.,"
36,37,Troquet,Croque Monsieur,https://www.chicagomag.com/Chicago-Magazine/November-2012/Best-Sandwiches-in-Chicago-Troquet-Croque-Monsieur/,$8,"1834 W. Montrose Ave.,"
37,38,Grahamwich,Green Garbanzo,https://www.chicagomag.com/Chicago-Magazine/November-2012/Best-Sandwiches-in-Chicago-Grahamwich-Green-Garbanzo/,$8,"615 N. State St.,"
38,39,Saigon Sisters,The Hen House,https://www.chicagomag.com/Chicago-Magazine/November-2012/Best-Sandwiches-in-Chicago-Saigon-Sisters-The-Hen-House/,$7,Multiple
39,40,Rosalia’s Deli,Tuscan Chicken,https://www.chicagomag.com/Chicago-Magazine/November-2012/Best-Sandwiches-in-Chicago-Rosalias-Deli-Tuscan-Chicken/,$6,"241 N. York Rd., Elmhurst,"
40,41,Z&H MarketCafe,The Marty ,https://www.chicagomag.com/Chicago-Magazine/November-2012/Best-Sandwiches-in-Chicago-Z-and-H-MarketCafe-The-Marty/,$7.25,"1323 E. 57th St.,"
41,42,Market House on the Square,Whitefish,https://www.chicagomag.com/Chicago-Magazine/November-2012/Best-Sandwiches-in-Chicago-Market-House-on-the-Square-Whitefish/,$11,"655 Forest Ave., Lake Forest,"
42,43,Elaine’s Coffee Call,"Oat Bread, Pecan Butter, and Fruit Jam",https://www.chicagomag.com/Chicago-Magazine/November-2012/Best-Sandwiches-in-Chicago-Elaines-Coffee-Call-Oat-Bread-Pecan-Butter-and-Fruit-Jam/,$6,"Hotel Lincoln, 1816 N. Clark St.,"
43,44,Marion Street Cheese Market,Cauliflower Melt,https://www.chicagomag.com/Chicago-Magazine/November-2012/Best-Sandwiches-in-Chicago-Marion-Street-Cheese-Market-Cauliflower-Melt/,$9,"100 S. Marion St., Oak Park,"
44,45,Cafecito,Cubana,https://www.chicagomag.com/Chicago-Magazine/November-2012/Best-Sandwiches-in-Chicago-Cafecito-Cubano/,$5.49,"26 E. Congress Pkwy.,"
45,46,Chickpea,Kufta,https://www.chicagomag.com/Chicago-Magazine/November-2012/Best-Sandwiches-in-Chicago-Chickpea-Kufta/,$8,"2018 W. Chicago Ave.,"
46,47,The Goddess and Grocer,Debbie’s Egg Salad,https://www.chicagomag.com/Chicago-Magazine/November-2012/Best-Sandwiches-in-Chicago-The-Goddess-and-Grocer-Debbies-Egg-Salad/,$6.50,"25 E. Delaware Pl.,"
47,48,Zenwich,Beef Curry,https://www.chicagomag.com/Chicago-Magazine/November-2012/Best-Sandwiches-in-Chicago-Zenwich-Beef-Curry/,$7.50,"416 N. York St., Elmhurst,"
48,49,Toni Patisserie,Le Végétarien,https://www.chicagomag.com/Chicago-Magazine/November-2012/Best-Sandwiches-in-Chicago-Toni-Patisserie-Le-Vegetarien/,$8.75,"65 E. Washington St.,"
49,50,Phoebe’s Bakery,The Gatsby,https://www.chicagomag.com/Chicago-Magazine/November-2012/Best-Sandwiches-in-Chicago-Phoebes-Bakery-The-Gatsby/,$6.85,"3351 N. Broadway,"
